[
  {
    "model": "blog.blogcategory",
    "pk": 1,
    "fields": {
      "name": "Projects",
      "slug": "projects",
      "parent": 9
    }
  },
  {
    "model": "blog.blogcategory",
    "pk": 2,
    "fields": {
      "name": "Building Info",
      "slug": "building-info",
      "parent": 9
    }
  },
  {
    "model": "blog.blogcategory",
    "pk": 3,
    "fields": {
      "name": "Department Resources",
      "slug": "department-resources",
      "parent": 9
    }
  },
  {
    "model": "blog.blogcategory",
    "pk": 4,
    "fields": {
      "name": "Documentation",
      "slug": "documentation",
      "parent": 9
    }
  },
  {
    "model": "blog.blogcategory",
    "pk": 5,
    "fields": {
      "name": "Events",
      "slug": "events",
      "parent": 9
    }
  },
  {
    "model": "blog.blogcategory",
    "pk": 6,
    "fields": {
      "name": "Inventory",
      "slug": "inventory",
      "parent": 9
    }
  },
  {
    "model": "blog.blogcategory",
    "pk": 7,
    "fields": {
      "name": "Tools",
      "slug": "tools",
      "parent": 9
    }
  },
  {
    "model": "blog.blogcategory",
    "pk": 8,
    "fields": {
      "name": "Training",
      "slug": "training",
      "parent": 9
    }
  },
  {
    "model": "blog.blogcategory",
    "pk": 9,
    "fields": {
      "name": "IT Admins",
      "slug": "it-admins",
      "parent": null
    }
  },
  {
    "model": "blog.blogcategory",
    "pk": 10,
    "fields": {
      "name": "RBG Staff",
      "slug": "rbg-staff",
      "parent": null
    }
  },
  {
    "model": "blog.blogcategory",
    "pk": 11,
    "fields": {
      "name": "Website",
      "slug": "website",
      "parent": 10
    }
  },
  {
    "model": "wagtailsearch.query",
    "pk": 1,
    "fields": {
      "query_string": "printers"
    }
  },
  {
    "model": "wagtailsearch.query",
    "pk": 2,
    "fields": {
      "query_string": "moose"
    }
  },
  {
    "model": "wagtailsearch.query",
    "pk": 3,
    "fields": {
      "query_string": "it"
    }
  },
  {
    "model": "wagtailsearch.query",
    "pk": 4,
    "fields": {
      "query_string": "docker"
    }
  },
  {
    "model": "wagtailsearch.query",
    "pk": 5,
    "fields": {
      "query_string": "docker-compose"
    }
  },
  {
    "model": "wagtailsearch.query",
    "pk": 6,
    "fields": {
      "query_string": "test"
    }
  },
  {
    "model": "wagtailsearch.querydailyhits",
    "pk": 1,
    "fields": {
      "query": 1,
      "date": "2020-03-25",
      "hits": 3
    }
  },
  {
    "model": "wagtailsearch.querydailyhits",
    "pk": 2,
    "fields": {
      "query": 2,
      "date": "2020-03-25",
      "hits": 1
    }
  },
  {
    "model": "wagtailsearch.querydailyhits",
    "pk": 3,
    "fields": {
      "query": 3,
      "date": "2020-03-25",
      "hits": 6
    }
  },
  {
    "model": "wagtailsearch.querydailyhits",
    "pk": 4,
    "fields": {
      "query": 4,
      "date": "2020-04-08",
      "hits": 1
    }
  },
  {
    "model": "wagtailsearch.querydailyhits",
    "pk": 5,
    "fields": {
      "query": 5,
      "date": "2020-04-08",
      "hits": 4
    }
  },
  {
    "model": "wagtailsearch.querydailyhits",
    "pk": 6,
    "fields": {
      "query": 6,
      "date": "2020-04-21",
      "hits": 1
    }
  },
  {
    "model": "wagtailcore.site",
    "pk": 2,
    "fields": {
      "hostname": "0.0.0.0",
      "port": 8000,
      "site_name": "Red Butte Garden Intranet",
      "root_page": 3,
      "is_default_site": true
    }
  },
  {
    "model": "wagtailcore.collection",
    "pk": 1,
    "fields": {
      "path": "0001",
      "depth": 1,
      "numchild": 2,
      "name": "Root"
    }
  },
  {
    "model": "wagtailcore.collection",
    "pk": 2,
    "fields": {
      "path": "00010001",
      "depth": 2,
      "numchild": 0,
      "name": "RBG Staff"
    }
  },
  {
    "model": "wagtailcore.collection",
    "pk": 3,
    "fields": {
      "path": "00010002",
      "depth": 2,
      "numchild": 0,
      "name": "IT Admins"
    }
  },
  {
    "model": "taggit.tag",
    "pk": 1,
    "fields": {
      "name": "windows",
      "slug": "windows"
    }
  },
  {
    "model": "taggit.tag",
    "pk": 2,
    "fields": {
      "name": "printers",
      "slug": "printers"
    }
  },
  {
    "model": "taggit.tag",
    "pk": 3,
    "fields": {
      "name": "devices",
      "slug": "devices"
    }
  },
  {
    "model": "taggit.tag",
    "pk": 4,
    "fields": {
      "name": "control panel",
      "slug": "control-panel"
    }
  },
  {
    "model": "taggit.tag",
    "pk": 5,
    "fields": {
      "name": "bluetooth",
      "slug": "bluetooth"
    }
  },
  {
    "model": "taggit.tag",
    "pk": 6,
    "fields": {
      "name": "wireless",
      "slug": "wireless"
    }
  },
  {
    "model": "taggit.tag",
    "pk": 7,
    "fields": {
      "name": "network",
      "slug": "network"
    }
  },
  {
    "model": "taggit.tag",
    "pk": 8,
    "fields": {
      "name": "IP",
      "slug": "ip"
    }
  },
  {
    "model": "taggit.tag",
    "pk": 9,
    "fields": {
      "name": "Model",
      "slug": "model"
    }
  },
  {
    "model": "taggit.tag",
    "pk": 10,
    "fields": {
      "name": "Manufacturer",
      "slug": "manufacturer"
    }
  },
  {
    "model": "taggit.tag",
    "pk": 11,
    "fields": {
      "name": "Driver",
      "slug": "driver"
    }
  },
  {
    "model": "taggit.tag",
    "pk": 12,
    "fields": {
      "name": "Networking",
      "slug": "networking"
    }
  },
  {
    "model": "taggit.tag",
    "pk": 14,
    "fields": {
      "name": "Windows",
      "slug": "windows_1"
    }
  },
  {
    "model": "taggit.tag",
    "pk": 16,
    "fields": {
      "name": "Printers",
      "slug": "printers_1"
    }
  },
  {
    "model": "taggit.tag",
    "pk": 17,
    "fields": {
      "name": "RDS",
      "slug": "rds"
    }
  },
  {
    "model": "taggit.tag",
    "pk": 18,
    "fields": {
      "name": "Lambda",
      "slug": "lambda"
    }
  },
  {
    "model": "taggit.tag",
    "pk": 19,
    "fields": {
      "name": "wagtail",
      "slug": "wagtail"
    }
  },
  {
    "model": "taggit.tag",
    "pk": 20,
    "fields": {
      "name": "django",
      "slug": "django"
    }
  },
  {
    "model": "taggit.tag",
    "pk": 21,
    "fields": {
      "name": "zappa",
      "slug": "zappa"
    }
  },
  {
    "model": "taggit.tag",
    "pk": 22,
    "fields": {
      "name": "aws",
      "slug": "aws"
    }
  },
  {
    "model": "taggit.tag",
    "pk": 23,
    "fields": {
      "name": "website",
      "slug": "website"
    }
  },
  {
    "model": "taggit.tag",
    "pk": 24,
    "fields": {
      "name": "psql",
      "slug": "psql"
    }
  },
  {
    "model": "taggit.tag",
    "pk": 25,
    "fields": {
      "name": "intranet",
      "slug": "intranet"
    }
  },
  {
    "model": "taggit.tag",
    "pk": 26,
    "fields": {
      "name": "pg_dump",
      "slug": "pg_dump"
    }
  },
  {
    "model": "taggit.taggeditem",
    "pk": 1,
    "fields": {
      "tag": 1,
      "content_type": [
        "wagtailimages",
        "image"
      ],
      "object_id": 1
    }
  },
  {
    "model": "taggit.taggeditem",
    "pk": 2,
    "fields": {
      "tag": 2,
      "content_type": [
        "wagtailimages",
        "image"
      ],
      "object_id": 1
    }
  },
  {
    "model": "taggit.taggeditem",
    "pk": 3,
    "fields": {
      "tag": 3,
      "content_type": [
        "wagtailimages",
        "image"
      ],
      "object_id": 1
    }
  },
  {
    "model": "taggit.taggeditem",
    "pk": 4,
    "fields": {
      "tag": 4,
      "content_type": [
        "wagtailimages",
        "image"
      ],
      "object_id": 1
    }
  },
  {
    "model": "taggit.taggeditem",
    "pk": 5,
    "fields": {
      "tag": 1,
      "content_type": [
        "wagtailimages",
        "image"
      ],
      "object_id": 2
    }
  },
  {
    "model": "taggit.taggeditem",
    "pk": 6,
    "fields": {
      "tag": 2,
      "content_type": [
        "wagtailimages",
        "image"
      ],
      "object_id": 2
    }
  },
  {
    "model": "taggit.taggeditem",
    "pk": 7,
    "fields": {
      "tag": 4,
      "content_type": [
        "wagtailimages",
        "image"
      ],
      "object_id": 2
    }
  },
  {
    "model": "taggit.taggeditem",
    "pk": 8,
    "fields": {
      "tag": 1,
      "content_type": [
        "wagtailimages",
        "image"
      ],
      "object_id": 3
    }
  },
  {
    "model": "taggit.taggeditem",
    "pk": 9,
    "fields": {
      "tag": 2,
      "content_type": [
        "wagtailimages",
        "image"
      ],
      "object_id": 3
    }
  },
  {
    "model": "taggit.taggeditem",
    "pk": 10,
    "fields": {
      "tag": 5,
      "content_type": [
        "wagtailimages",
        "image"
      ],
      "object_id": 3
    }
  },
  {
    "model": "taggit.taggeditem",
    "pk": 11,
    "fields": {
      "tag": 6,
      "content_type": [
        "wagtailimages",
        "image"
      ],
      "object_id": 3
    }
  },
  {
    "model": "taggit.taggeditem",
    "pk": 12,
    "fields": {
      "tag": 7,
      "content_type": [
        "wagtailimages",
        "image"
      ],
      "object_id": 3
    }
  },
  {
    "model": "taggit.taggeditem",
    "pk": 13,
    "fields": {
      "tag": 1,
      "content_type": [
        "wagtailimages",
        "image"
      ],
      "object_id": 4
    }
  },
  {
    "model": "taggit.taggeditem",
    "pk": 14,
    "fields": {
      "tag": 2,
      "content_type": [
        "wagtailimages",
        "image"
      ],
      "object_id": 4
    }
  },
  {
    "model": "taggit.taggeditem",
    "pk": 15,
    "fields": {
      "tag": 7,
      "content_type": [
        "wagtailimages",
        "image"
      ],
      "object_id": 4
    }
  },
  {
    "model": "taggit.taggeditem",
    "pk": 16,
    "fields": {
      "tag": 8,
      "content_type": [
        "wagtailimages",
        "image"
      ],
      "object_id": 5
    }
  },
  {
    "model": "taggit.taggeditem",
    "pk": 17,
    "fields": {
      "tag": 1,
      "content_type": [
        "wagtailimages",
        "image"
      ],
      "object_id": 5
    }
  },
  {
    "model": "taggit.taggeditem",
    "pk": 18,
    "fields": {
      "tag": 2,
      "content_type": [
        "wagtailimages",
        "image"
      ],
      "object_id": 5
    }
  },
  {
    "model": "taggit.taggeditem",
    "pk": 19,
    "fields": {
      "tag": 7,
      "content_type": [
        "wagtailimages",
        "image"
      ],
      "object_id": 5
    }
  },
  {
    "model": "taggit.taggeditem",
    "pk": 20,
    "fields": {
      "tag": 8,
      "content_type": [
        "wagtailimages",
        "image"
      ],
      "object_id": 6
    }
  },
  {
    "model": "taggit.taggeditem",
    "pk": 21,
    "fields": {
      "tag": 2,
      "content_type": [
        "wagtailimages",
        "image"
      ],
      "object_id": 6
    }
  },
  {
    "model": "taggit.taggeditem",
    "pk": 22,
    "fields": {
      "tag": 7,
      "content_type": [
        "wagtailimages",
        "image"
      ],
      "object_id": 6
    }
  },
  {
    "model": "taggit.taggeditem",
    "pk": 23,
    "fields": {
      "tag": 1,
      "content_type": [
        "wagtailimages",
        "image"
      ],
      "object_id": 7
    }
  },
  {
    "model": "taggit.taggeditem",
    "pk": 24,
    "fields": {
      "tag": 2,
      "content_type": [
        "wagtailimages",
        "image"
      ],
      "object_id": 7
    }
  },
  {
    "model": "taggit.taggeditem",
    "pk": 25,
    "fields": {
      "tag": 9,
      "content_type": [
        "wagtailimages",
        "image"
      ],
      "object_id": 7
    }
  },
  {
    "model": "taggit.taggeditem",
    "pk": 26,
    "fields": {
      "tag": 10,
      "content_type": [
        "wagtailimages",
        "image"
      ],
      "object_id": 7
    }
  },
  {
    "model": "taggit.taggeditem",
    "pk": 27,
    "fields": {
      "tag": 11,
      "content_type": [
        "wagtailimages",
        "image"
      ],
      "object_id": 7
    }
  },
  {
    "model": "taggit.taggeditem",
    "pk": 28,
    "fields": {
      "tag": 1,
      "content_type": [
        "wagtailimages",
        "image"
      ],
      "object_id": 8
    }
  },
  {
    "model": "taggit.taggeditem",
    "pk": 29,
    "fields": {
      "tag": 2,
      "content_type": [
        "wagtailimages",
        "image"
      ],
      "object_id": 8
    }
  },
  {
    "model": "taggit.taggeditem",
    "pk": 30,
    "fields": {
      "tag": 7,
      "content_type": [
        "wagtailimages",
        "image"
      ],
      "object_id": 8
    }
  },
  {
    "model": "postgres_search.indexentry",
    "pk": 7,
    "fields": {
      "content_type": [
        "wagtailimages",
        "image"
      ],
      "object_id": "1",
      "autocomplete": "'control':5A 'devic':4A 'devices-printers.png':1A 'panel':6A 'printer':3A 'window':2A",
      "body": ""
    }
  },
  {
    "model": "postgres_search.indexentry",
    "pk": 8,
    "fields": {
      "content_type": [
        "wagtailimages",
        "image"
      ],
      "object_id": "2",
      "autocomplete": "'add-printer.png':1A 'control':4A 'panel':5A 'printer':3A 'window':2A",
      "body": ""
    }
  },
  {
    "model": "postgres_search.indexentry",
    "pk": 9,
    "fields": {
      "content_type": [
        "wagtailimages",
        "image"
      ],
      "object_id": "3",
      "autocomplete": "'add-printer_network.png':1A 'bluetooth':4A 'network':6A 'printer':3A 'window':2A 'wireless':5A",
      "body": ""
    }
  },
  {
    "model": "postgres_search.indexentry",
    "pk": 10,
    "fields": {
      "content_type": [
        "wagtailimages",
        "image"
      ],
      "object_id": "4",
      "autocomplete": "'add_printer_search.png':1A 'network':4A 'printer':3A 'window':2A",
      "body": ""
    }
  },
  {
    "model": "postgres_search.indexentry",
    "pk": 11,
    "fields": {
      "content_type": [
        "wagtailimages",
        "image"
      ],
      "object_id": "5",
      "autocomplete": "'add_printer_ip.png':1A 'ip':5A 'network':4A 'printer':3A 'window':2A",
      "body": ""
    }
  },
  {
    "model": "postgres_search.indexentry",
    "pk": 12,
    "fields": {
      "content_type": [
        "wagtailimages",
        "image"
      ],
      "object_id": "6",
      "autocomplete": "'add-printer-ip2.png':1A 'ip':4A 'network':3A 'printer':2A",
      "body": ""
    }
  },
  {
    "model": "postgres_search.indexentry",
    "pk": 13,
    "fields": {
      "content_type": [
        "wagtailimages",
        "image"
      ],
      "object_id": "7",
      "autocomplete": "'add-printer-model.png':1A 'driver':6A 'manufactur':5A 'model':4A 'printer':3A 'window':2A",
      "body": ""
    }
  },
  {
    "model": "postgres_search.indexentry",
    "pk": 14,
    "fields": {
      "content_type": [
        "wagtailimages",
        "image"
      ],
      "object_id": "8",
      "autocomplete": "'add-printer-name.png':1A 'network':4A 'printer':3A 'window':2A",
      "body": ""
    }
  },
  {
    "model": "postgres_search.indexentry",
    "pk": 18,
    "fields": {
      "content_type": [
        "home",
        "homepage"
      ],
      "object_id": "3",
      "autocomplete": "'butt':2B 'garden':3B 'intranet':4B 'red':1B",
      "body": ""
    }
  },
  {
    "model": "postgres_search.indexentry",
    "pk": 20,
    "fields": {
      "content_type": [
        "blog",
        "blogindexpage"
      ],
      "object_id": "5",
      "autocomplete": "'info':2B 'staff':1B",
      "body": ""
    }
  },
  {
    "model": "postgres_search.indexentry",
    "pk": 21,
    "fields": {
      "content_type": [
        "blog",
        "blogpage"
      ],
      "object_id": "6",
      "autocomplete": "'one':1B",
      "body": "'normal':1,2"
    }
  },
  {
    "model": "postgres_search.indexentry",
    "pk": 24,
    "fields": {
      "content_type": [
        "blog",
        "blogpage"
      ],
      "object_id": "7",
      "autocomplete": "'two':1B",
      "body": "'normal':1 'unrel':2"
    }
  },
  {
    "model": "postgres_search.indexentry",
    "pk": 27,
    "fields": {
      "content_type": [
        "blog",
        "blogpage"
      ],
      "object_id": "8",
      "autocomplete": "'post':2B 'public':1B",
      "body": "'post':4 'public':3 'summari':1 'text':2"
    }
  },
  {
    "model": "postgres_search.indexentry",
    "pk": 31,
    "fields": {
      "content_type": [
        "blog",
        "blogindexpage"
      ],
      "object_id": "9",
      "autocomplete": "'inform':3B 'rbg':1B",
      "body": ""
    }
  },
  {
    "model": "postgres_search.indexentry",
    "pk": 34,
    "fields": {
      "content_type": [
        "blog",
        "blogpage"
      ],
      "object_id": "10",
      "autocomplete": "'post':2B 'privat':1B",
      "body": "'post':4 'privat':3 'summari':1 'text':2"
    }
  },
  {
    "model": "auth.group",
    "pk": 2,
    "fields": {
      "name": "Staff",
      "permissions": [
        [
          "add_group",
          "auth",
          "group"
        ],
        [
          "change_group",
          "auth",
          "group"
        ],
        [
          "delete_group",
          "auth",
          "group"
        ],
        [
          "add_blogcategory",
          "blog",
          "blogcategory"
        ],
        [
          "change_blogcategory",
          "blog",
          "blogcategory"
        ],
        [
          "delete_blogcategory",
          "blog",
          "blogcategory"
        ],
        [
          "view_blogcategory",
          "blog",
          "blogcategory"
        ],
        [
          "add_user",
          "custom_user",
          "user"
        ],
        [
          "change_user",
          "custom_user",
          "user"
        ],
        [
          "delete_user",
          "custom_user",
          "user"
        ],
        [
          "add_tag",
          "taggit",
          "tag"
        ],
        [
          "change_tag",
          "taggit",
          "tag"
        ],
        [
          "delete_tag",
          "taggit",
          "tag"
        ],
        [
          "view_tag",
          "taggit",
          "tag"
        ],
        [
          "access_admin",
          "wagtailadmin",
          "admin"
        ],
        [
          "add_collection",
          "wagtailcore",
          "collection"
        ],
        [
          "change_collection",
          "wagtailcore",
          "collection"
        ],
        [
          "delete_collection",
          "wagtailcore",
          "collection"
        ],
        [
          "add_site",
          "wagtailcore",
          "site"
        ],
        [
          "change_site",
          "wagtailcore",
          "site"
        ],
        [
          "delete_site",
          "wagtailcore",
          "site"
        ],
        [
          "add_document",
          "wagtaildocs",
          "document"
        ],
        [
          "change_document",
          "wagtaildocs",
          "document"
        ],
        [
          "delete_document",
          "wagtaildocs",
          "document"
        ],
        [
          "add_image",
          "wagtailimages",
          "image"
        ],
        [
          "change_image",
          "wagtailimages",
          "image"
        ],
        [
          "delete_image",
          "wagtailimages",
          "image"
        ],
        [
          "add_redirect",
          "wagtailredirects",
          "redirect"
        ],
        [
          "change_redirect",
          "wagtailredirects",
          "redirect"
        ],
        [
          "delete_redirect",
          "wagtailredirects",
          "redirect"
        ]
      ]
    }
  },
  {
    "model": "wagtailcore.pageviewrestriction",
    "pk": 2,
    "fields": {
      "restriction_type": "groups",
      "password": "",
      "page": 9,
      "groups": [
        [
          "Staff"
        ]
      ]
    }
  },
  {
    "model": "home.homepage",
    "pk": 3,
    "fields": {}
  },
  {
    "model": "blog.blogindexpage",
    "pk": 5,
    "fields": {}
  },
  {
    "model": "blog.blogindexpage",
    "pk": 9,
    "fields": {}
  },
  {
    "model": "blog.blogpage",
    "pk": 6,
    "fields": {
      "author": null,
      "date": "2020-04-30T19:42:12.614Z",
      "summary": "Normal",
      "body": "[{\"type\": \"paragraph\", \"value\": \"<p>Normal</p>\", \"id\": \"e1ae5c05-c256-4195-8b81-e4cdd5003d61\"}]",
      "categories": []
    }
  },
  {
    "model": "blog.blogpage",
    "pk": 7,
    "fields": {
      "author": null,
      "date": "2020-04-30T19:43:13.810Z",
      "summary": "Normal",
      "body": "[{\"type\": \"paragraph\", \"value\": \"<p>Unrelated</p>\", \"id\": \"193c0621-9e6d-4956-bd85-969096f132a6\"}]",
      "categories": []
    }
  },
  {
    "model": "blog.blogpage",
    "pk": 8,
    "fields": {
      "author": null,
      "date": "2020-04-30T19:46:38.083Z",
      "summary": "summary text",
      "body": "[{\"type\": \"paragraph\", \"value\": \"<p>Public post</p>\", \"id\": \"04d254de-00c2-4703-ab9e-b58988734239\"}]",
      "categories": []
    }
  },
  {
    "model": "blog.blogpage",
    "pk": 10,
    "fields": {
      "author": null,
      "date": "2020-04-30T19:51:38.848Z",
      "summary": "summary text",
      "body": "[{\"type\": \"paragraph\", \"value\": \"<p>Private post</p>\", \"id\": \"8191984f-e970-4d39-9e6d-880df42a1311\"}]",
      "categories": []
    }
  },
  {
    "model": "wagtailcore.page",
    "pk": 1,
    "fields": {
      "path": "0001",
      "depth": 1,
      "numchild": 1,
      "title": "Root",
      "draft_title": "Root",
      "slug": "root",
      "content_type": [
        "wagtailcore",
        "page"
      ],
      "live": true,
      "has_unpublished_changes": false,
      "url_path": "/",
      "owner": null,
      "seo_title": "",
      "show_in_menus": false,
      "search_description": "",
      "go_live_at": null,
      "expire_at": null,
      "expired": false,
      "locked": false,
      "locked_at": null,
      "locked_by": null,
      "first_published_at": null,
      "last_published_at": null,
      "latest_revision_created_at": null,
      "live_revision": null
    }
  },
  {
    "model": "wagtailcore.page",
    "pk": 3,
    "fields": {
      "path": "00010001",
      "depth": 2,
      "numchild": 2,
      "title": "Red Butte Garden Intranet",
      "draft_title": "Red Butte Garden Intranet",
      "slug": "red-butte-garden-intranet",
      "content_type": [
        "home",
        "homepage"
      ],
      "live": true,
      "has_unpublished_changes": false,
      "url_path": "/red-butte-garden-intranet/",
      "owner": null,
      "seo_title": "",
      "show_in_menus": false,
      "search_description": "",
      "go_live_at": null,
      "expire_at": null,
      "expired": false,
      "locked": true,
      "locked_at": "2020-03-25T21:05:31.630Z",
      "locked_by": null,
      "first_published_at": "2020-03-24T19:27:14.900Z",
      "last_published_at": "2020-03-24T19:27:14.900Z",
      "latest_revision_created_at": "2020-03-24T19:27:14.862Z",
      "live_revision": null
    }
  },
  {
    "model": "wagtailcore.page",
    "pk": 5,
    "fields": {
      "path": "000100010002",
      "depth": 3,
      "numchild": 3,
      "title": "Staff Info",
      "draft_title": "Staff Info",
      "slug": "staff-info",
      "content_type": [
        "blog",
        "blogindexpage"
      ],
      "live": true,
      "has_unpublished_changes": false,
      "url_path": "/red-butte-garden-intranet/staff-info/",
      "owner": null,
      "seo_title": "RBG Intranet | Staff",
      "show_in_menus": true,
      "search_description": "Red Butte Garden Staff Informational Intranet",
      "go_live_at": null,
      "expire_at": null,
      "expired": false,
      "locked": true,
      "locked_at": "2020-03-25T21:06:15.953Z",
      "locked_by": null,
      "first_published_at": "2020-03-24T22:25:06.848Z",
      "last_published_at": "2020-03-24T22:25:06.848Z",
      "latest_revision_created_at": "2020-03-24T22:25:06.813Z",
      "live_revision": null
    }
  },
  {
    "model": "wagtailcore.page",
    "pk": 6,
    "fields": {
      "path": "0001000100020001",
      "depth": 4,
      "numchild": 0,
      "title": "One",
      "draft_title": "One",
      "slug": "one",
      "content_type": [
        "blog",
        "blogpage"
      ],
      "live": true,
      "has_unpublished_changes": false,
      "url_path": "/red-butte-garden-intranet/staff-info/one/",
      "owner": null,
      "seo_title": "",
      "show_in_menus": false,
      "search_description": "Normal",
      "go_live_at": null,
      "expire_at": null,
      "expired": false,
      "locked": false,
      "locked_at": null,
      "locked_by": null,
      "first_published_at": "2020-04-30T19:42:12.726Z",
      "last_published_at": "2020-04-30T19:42:12.726Z",
      "latest_revision_created_at": "2020-04-30T19:42:12.694Z",
      "live_revision": null
    }
  },
  {
    "model": "wagtailcore.page",
    "pk": 7,
    "fields": {
      "path": "0001000100020002",
      "depth": 4,
      "numchild": 0,
      "title": "Two",
      "draft_title": "Two",
      "slug": "two",
      "content_type": [
        "blog",
        "blogpage"
      ],
      "live": true,
      "has_unpublished_changes": false,
      "url_path": "/red-butte-garden-intranet/staff-info/two/",
      "owner": null,
      "seo_title": "",
      "show_in_menus": false,
      "search_description": "Normal",
      "go_live_at": null,
      "expire_at": null,
      "expired": false,
      "locked": false,
      "locked_at": null,
      "locked_by": null,
      "first_published_at": "2020-04-30T19:43:13.900Z",
      "last_published_at": "2020-04-30T19:43:13.900Z",
      "latest_revision_created_at": "2020-04-30T19:43:13.872Z",
      "live_revision": null
    }
  },
  {
    "model": "wagtailcore.page",
    "pk": 8,
    "fields": {
      "path": "0001000100020003",
      "depth": 4,
      "numchild": 0,
      "title": "Public Post",
      "draft_title": "Public Post",
      "slug": "public-post",
      "content_type": [
        "blog",
        "blogpage"
      ],
      "live": true,
      "has_unpublished_changes": false,
      "url_path": "/red-butte-garden-intranet/staff-info/public-post/",
      "owner": null,
      "seo_title": "",
      "show_in_menus": false,
      "search_description": "summary text",
      "go_live_at": null,
      "expire_at": null,
      "expired": false,
      "locked": false,
      "locked_at": null,
      "locked_by": null,
      "first_published_at": "2020-04-30T19:46:38.173Z",
      "last_published_at": "2020-04-30T19:46:38.173Z",
      "latest_revision_created_at": "2020-04-30T19:46:38.139Z",
      "live_revision": null
    }
  },
  {
    "model": "wagtailcore.page",
    "pk": 9,
    "fields": {
      "path": "000100010003",
      "depth": 3,
      "numchild": 1,
      "title": "RBG IT Information",
      "draft_title": "RBG IT Information",
      "slug": "rbg-it-information",
      "content_type": [
        "blog",
        "blogindexpage"
      ],
      "live": true,
      "has_unpublished_changes": false,
      "url_path": "/red-butte-garden-intranet/rbg-it-information/",
      "owner": null,
      "seo_title": "",
      "show_in_menus": true,
      "search_description": "",
      "go_live_at": null,
      "expire_at": null,
      "expired": false,
      "locked": true,
      "locked_at": "2020-04-30T19:52:19.431Z",
      "locked_by": null,
      "first_published_at": "2020-04-30T19:50:57.924Z",
      "last_published_at": "2020-04-30T19:50:57.924Z",
      "latest_revision_created_at": "2020-04-30T19:50:57.897Z",
      "live_revision": null
    }
  },
  {
    "model": "wagtailcore.page",
    "pk": 10,
    "fields": {
      "path": "0001000100030001",
      "depth": 4,
      "numchild": 0,
      "title": "Private Post",
      "draft_title": "Private Post",
      "slug": "private-post",
      "content_type": [
        "blog",
        "blogpage"
      ],
      "live": true,
      "has_unpublished_changes": false,
      "url_path": "/red-butte-garden-intranet/rbg-it-information/private-post/",
      "owner": null,
      "seo_title": "",
      "show_in_menus": false,
      "search_description": "summary text",
      "go_live_at": null,
      "expire_at": null,
      "expired": false,
      "locked": false,
      "locked_at": null,
      "locked_by": null,
      "first_published_at": "2020-04-30T19:51:38.929Z",
      "last_published_at": "2020-04-30T19:51:38.929Z",
      "latest_revision_created_at": "2020-04-30T19:51:38.897Z",
      "live_revision": null
    }
  }
]
